{
  "dark_noise": {
    "0": [
      1.900897473205987e-05,
      1.2723535311102898e-05,
      2.5937472400983097e-05,
      9.629831719440936e-06
    ],
    "1": [
      1.841421180870384e-05,
      8.848434125045839e-06,
      1.930927737703314e-05,
      1.0895181373925715e-05
    ],
    "2": [
      5.812918516312493e-05,
      2.59619228172907e-05,
      4.03845342589193e-05,
      2.7261959065133356e-05
    ],
    "3": [
      3.417827201701584e-05,
      1.3101631767293899e-05,
      2.6912948669632897e-05,
      1.5437052774926632e-05
    ],
    "4": [
      2.0260069959476823e-05,
      9.94640965555516e-06,
      2.077532599287224e-05,
      1.1836291947937525e-05
    ],
    "5": [
      2.6997324766853126e-05,
      1.4092827146024894e-05,
      1.924149501064676e-05,
      1.2985743442905945e-05
    ],
    "6": [
      7.804402230249252e-05,
      3.56724893840225e-05,
      4.797631390829338e-05,
      2.740184899201368e-05
    ]
  },
  "amplitudes": [
    [
      0.11151841841638088,
      0.13537743128836155
    ],
    [
      2.2536814867635258e-05,
      2.098798177030403e-05
    ],
    [
      0.5135322050219702,
      0.5999999999999999
    ],
    [
      0.3325363450486235,
      0.4286125553152497
    ],
    [
      1.883414942152565e-05,
      3.0419968484605827e-05
    ],
    [
      0.4428899834639496,
      0.6
    ],
    [
      0.04425297291466039,
      0.07743001743228031
    ],
    [
      2.5620556698413566e-05,
      4.487471414904576e-05
    ],
    [
      0.0033771389280445874,
      0.008698856108821929
    ],
    [
      0.0029491452733054757,
      0.008992950315587223
    ],
    [
      0.5486521568422553,
      0.6000000000000001
    ],
    [
      0.020072552030293647,
      0.030570286297993833
    ],
    [
      0.19004418614817384,
      0.2517409846955947
    ],
    [
      0.0927440291346847,
      0.13347266580249667
    ],
    [
      0.002400461782387268,
      0.005168305148995669
    ],
    [
      0.5069589305116297,
      0.6000000000000001
    ],
    [
      0.004402110353112221,
      0.011141225695610046
    ],
    [
      0.09745354764163494,
      0.15289592556655407
    ],
    [
      0.5713068110930195,
      0.6
    ],
    [
      0.2888851550722153,
      0.3481325765179163
    ]
  ],
  "signal_quality": [
    {
      "level": 3,
      "saturated": false,
      "xtalk": false
    },
    {
      "level": 1,
      "saturated": false,
      "xtalk": false
    },
    {
      "level": 3,
      "saturated": false,
      "xtalk": false
    },
    {
      "level": 3,
      "saturated": false,
      "xtalk": false
    },
    {
      "level": 1,
      "saturated": false,
      "xtalk": false
    },
    {
      "level": 3,
      "saturated": false,
      "xtalk": false
    },
    {
      "level": 3,
      "saturated": false,
      "xtalk": false
    },
    {
      "level": 1,
      "saturated": false,
      "xtalk": false
    },
    {
      "level": 3,
      "saturated": false,
      "xtalk": false
    },
    {
      "level": 2,
      "saturated": false,
      "xtalk": false
    },
    {
      "level": 3,
      "saturated": false,
      "xtalk": false
    },
    {
      "level": 3,
      "saturated": false,
      "xtalk": false
    },
    {
      "level": 3,
      "saturated": false,
      "xtalk": false
    },
    {
      "level": 3,
      "saturated": false,
      "xtalk": false
    },
    {
      "level": 2,
      "saturated": false,
      "xtalk": false
    },
    {
      "level": 3,
      "saturated": false,
      "xtalk": false
    },
    {
      "level": 3,
      "saturated": false,
      "xtalk": false
    },
    {
      "level": 3,
      "saturated": false,
      "xtalk": false
    },
    {
      "level": 3,
      "saturated": false,
      "xtalk": false
    },
    {
      "level": 3,
      "saturated": false,
      "xtalk": false
    }
  ],
  "coefficient_of_variation": [
    [
      18.588983736505046,
      16.45606591144872
    ],
    [
      39.87226461826337,
      59.22395140731223
    ],
    [
      3.1165325305948217,
      3.3058821473727034
    ],
    [
      2.5872481399803977,
      2.497664815990764
    ],
    [
      43.6196949880988,
      44.80247875634741
    ],
    [
      1.7025903448676214,
      1.697093574536168
    ],
    [
      2.2052268775354227,
      2.1251729737946854
    ],
    [
      41.00819861689492,
      27.88435502823691
    ],
    [
      1.2199613339332782,
      1.3374045240749355
    ],
    [
      1.9239709788764685,
      2.2135359649986444
    ],
    [
      0.892772452010626,
      0.7118749634319922
    ],
    [
      1.6281860224123927,
      1.6671261150289396
    ],
    [
      1.3571997728625158,
      1.2688051994585283
    ],
    [
      1.9279428394352291,
      1.8745175888766608
    ],
    [
      2.561322865964043,
      2.26135307001793
    ],
    [
      1.4952730074273084,
      1.3584753254093989
    ],
    [
      2.2964810501381567,
      2.3011503609447006
    ],
    [
      1.7392571431747261,
      2.2858507442493665
    ],
    [
      1.3571335576338015,
      1.136235162253491
    ],
    [
      1.2503422563537872,
      1.13348509013358
    ]
  ]
}